{"cameraMode":{"drawMode":0,"name":"Shaded","section":"Shading Mode"},"sceneLighting":false,"audioPlay":false,"sceneViewState":{"m_AlwaysRefresh":false,"showFog":true,"showSkybox":true,"showFlares":true,"showImageEffects":true,"showParticleSystems":true,"showVisualEffectGraphs":true,"m_FxEnabled":true},"in2DMode":false,"pivot":{"x":8.876785278320313,"y":-13.280487060546875,"z":-39.97771072387695},"rotation":{"x":0.030620180070400239,"y":0.9681994318962097,"z":-0.19817811250686646,"w":0.14959484338760377},"size":54.760589599609378,"orthographic":false}