{"cameraMode":{"drawMode":0,"name":"Shaded","section":"Shading Mode"},"sceneLighting":false,"audioPlay":false,"sceneViewState":{"m_AlwaysRefresh":false,"showFog":true,"showSkybox":true,"showFlares":true,"showImageEffects":true,"showParticleSystems":true,"showVisualEffectGraphs":true,"m_FxEnabled":true},"in2DMode":false,"pivot":{"x":-8.761000633239746,"y":0.0018973946571350098,"z":-26.165361404418947},"rotation":{"x":0.7154298424720764,"y":-0.01257605105638504,"z":0.012876631692051888,"w":0.6984636783599854},"size":9.198607444763184,"orthographic":true}